CTCF,RXRA
CTCF,SIN3A
CTCF,SMAD3
CTCF,ESR1
CTCF,ESR2
CTCF,RAD21
CTCF,SMC3
CTCF,SP100
CTCF,TFAP4
CTCF,YY1
CTCF,ZBTB33
E2F3,MGA
E2F3,MYBL2
E2F3,SP1
E2F3,SPIB
E2F3,TEAD3
E2F3,TFE3
E2F3,TRIM28
E2F3,USF1
E2F3,BCL6
E2F3,E2F1
E2F3,MYC
EP300,AHR
EP300,AR
EP300,ARNT
EP300,ARNTL
EP300,ASCL1
EP300,ASCL2
EP300,ATF2
EP300,ATF4
EP300,ATF5
EP300,BCL6
EP300,BRCA1
EP300,CBX5
EP300,CDX2
EP300,CEBPB
EP300,CEBPD
EP300,CLOCK
EP300,CREB1
EP300,CRX
EP300,DDIT3
EP300,E2F1
EP300,E2F5
EP300,EGR1
EP300,EPAS1
EP300,ESR1
EP300,ETS1
EP300,ETS2
EP300,ETV1
EP300,EWSR1
EP300,FOS
EP300,FOSB
EP300,FOSL1
EP300,FOSL2
EP300,FOXK1
EP300,FOXO1
EP300,FOXO3
EP300,FOXP3
EP300,GABPA
EP300,GATA1
EP300,GATA2
EP300,GATA4
EP300,GTF2I
EP300,HBP1
EP300,HDAC2
EP300,HIF1A
EP300,HNF1A
EP300,HOXD10
EP300,HOXD4
EP300,HSF1
EP300,IRF1
EP300,IRF2
EP300,IRF3
EP300,IRF5
EP300,JUN
EP300,JUNB
EP300,JUND
EP300,KLF13
EP300,KLF2
EP300,KLF4
EP300,KLF5
EP300,KLF8
EP300,MAF
EP300,MAX
EP300,MEF2A
EP300,MITF
EP300,MTF1
EP300,MYB
EP300,MYBL2
EP300,MYC
EP300,MYOD1
EP300,NANOG
EP300,NEUROD1
EP300,NFATC1
EP300,NFATC2
EP300,NFKB1
EP300,NFYB
EP300,NPAS2
EP300,NR1H4
EP300,NR1I2
EP300,NR3C1
EP300,NR4A1
EP300,PAX5
EP300,PAX6
EP300,PAX8
EP300,PGR
EP300,PLAGL1
EP300,PPARG
EP300,PROX1
EP300,RARA
EP300,REL
EP300,RELA
EP300,RORA
EP300,RORC
EP300,RUNX1
EP300,RUNX2
EP300,RUNX3
EP300,RXRA
EP300,SMAD2
EP300,SMAD3
EP300,SMAD4
EP300,SOX4
EP300,SOX9
EP300,SP1
EP300,SP3
EP300,SREBF1
EP300,SREBF2
EP300,SRY
EP300,STAT1
EP300,STAT2
EP300,STAT3
EP300,STAT5A
EP300,STAT6
EP300,TAL1
EP300,TBX21
EP300,TCF12
EP300,TCF3
EP300,TFAP2A
EP300,THRA
EP300,TP53
EP300,TP63
EP300,TP73
EP300,TWIST1
EP300,USF2
EP300,VDR
EP300,YY1
EP300,ZBTB16
EP300,ZBTB33
EP300,ZBTB49
EP300,ZBTB7B
EP300,ZEB1
EP300,CEBPA
EP300,ELF3
EP300,ELK1
EP300,ERG
EP300,ESR2
EP300,FOXM1
EP300,GATA5
EP300,GATA6
EP300,IRF7
EP300,KLF1
EP300,KLF11
EP300,KLF16
EP300,LEF1
EP300,MEF2C
EP300,MEF2D
EP300,NEUROG1
EP300,NFYA
EP300,NR3C2
EP300,POU3F2
EP300,PPARA
EP300,PPARD
EP300,SOX2
EP300,SPIB
EP300,TBP
EP300,TCF4
EP300,TCF7L2
EP300,USF1
ESR1,AHR
ESR1,ARHGEF12
ESR1,ARID5A
ESR1,ARNT
ESR1,ATF1
ESR1,BBX
ESR1,BRCA1
ESR1,CBX5
ESR1,CEBPB
ESR1,CHD2
ESR1,CREB3L4
ESR1,E2F1
ESR1,E2F6
ESR1,E4F1
ESR1,EPAS1
ESR1,ESR2
ESR1,ESRRA
ESR1,ETV6
ESR1,EWSR1
ESR1,FOSL2
ESR1,FOXA1
ESR1,FOXJ3
ESR1,FOXK1
ESR1,FOXK2
ESR1,FOXO1
ESR1,FOXO4
ESR1,GABPA
ESR1,GATA3
ESR1,GRHL2
ESR1,GTF2I
ESR1,GZF1
ESR1,HBP1
ESR1,HDAC2
ESR1,HIF1A
ESR1,HLTF
ESR1,HOXC10
ESR1,HOXD9
ESR1,JUN
ESR1,JUNB
ESR1,KLF4
ESR1,KLF5
ESR1,MAZ
ESR1,MYC
ESR1,MYOD1
ESR1,NFATC2
ESR1,NFIB
ESR1,NFYA
ESR1,NR2C2
ESR1,NR2F1
ESR1,NR2F2
ESR1,PATZ1
ESR1,PBX1
ESR1,PGR
ESR1,RAD21
ESR1,RELA
ESR1,RXRA
ESR1,SIN3A
ESR1,SIX4
ESR1,SMAD2
ESR1,SMC3
ESR1,SP1
ESR1,SP2
ESR1,SP3
ESR1,STAT1
ESR1,STAT3
ESR1,STAT5A
ESR1,TBP
ESR1,TBX2
ESR1,TFAP2C
ESR1,TP53
ESR1,XBP1
ESR1,ZBTB7A
ESR1,ZBTB7B
ESR1,ZFP42
ESR1,ZNF281
ESR1,ZNF652
ESR1,CEBPA
ESR1,FOS
ESR1,FOXL2
ESR1,ISL1
ESR1,NR1H4
ESR1,NR1I2
ESR1,NR2C1
ESR1,NR2F6
ESR1,NR5A1
ESR1,POU2F1
ESR1,POU2F2
ESR1,POU4F1
ESR1,POU4F2
ESR1,PTEN
ESR1,SMAD3
ESR1,THRA
ESR1,ZBTB16
EWSR1,ATF3
EWSR1,CREB5
EWSR1,E2F8
EWSR1,EN2
EWSR1,ETS2
EWSR1,ETV3
EWSR1,GATA6
EWSR1,GMEB2
EWSR1,GTF2I
EWSR1,HDAC2
EWSR1,HERPUD1
EWSR1,HLTF
EWSR1,HMGA1
EWSR1,IRF3
EWSR1,JUN
EWSR1,MAZ
EWSR1,MLX
EWSR1,MSC
EWSR1,MYBL2
EWSR1,NKX2-5
EWSR1,OTX1
EWSR1,PAX9
EWSR1,PITX1
EWSR1,RFX3
EWSR1,RFX5
EWSR1,SMAD4
EWSR1,SOX7
EWSR1,TFAP2A
EWSR1,TFE3
EWSR1,USF1
EWSR1,ZEB1
EWSR1,BRCA1
EWSR1,CEBPA
EWSR1,DDIT3
EWSR1,ELK1
EWSR1,EPAS1
EWSR1,FLI1
EWSR1,HBP1
EWSR1,HEY1
EWSR1,HNF1B
EWSR1,NR2C2
EWSR1,POU4F1
EWSR1,RAD21
EWSR1,REST
EWSR1,RUNX1
EWSR1,SOX2
EWSR1,TBX3
EWSR1,TCF7L2
EWSR1,TP53
GTF2I,ATF6
GTF2I,BRCA1
GTF2I,HDAC2
GTF2I,MYC
GTF2I,SRF
GTF2I,STAT1
GTF2I,STAT3
GTF2I,USF1
GTF2I,BACH1
GTF2I,ESR2
GTF2I,FOXA1
GTF2I,HIF1A
GTF2I,NFKB1
GTF2I,NR2C2
GTF2I,PPARG
GTF2I,PRDM1
GTF2I,PRRX1
GTF2I,RARA
GTF2I,SIRT6
GTF2I,SMAD2
GTF2I,SOX2
GTF2I,TFAP4
GTF2I,TFCP2
GTF2I,TOPORS
GTF2I,TP53
GTF2I,ZBTB7A
IRF3,FOXO1
IRF3,IRF5
IRF3,IRF7
IRF3,MAFB
IRF3,SMAD2
IRF3,SMAD4
RELA,AHR
RELA,AR
RELA,ARNT
RELA,ATF3
RELA,BRCA1
RELA,CDX2
RELA,CEBPB
RELA,CEBPD
RELA,EGR1
RELA,FOS
RELA,HDAC2
RELA,HIF1A
RELA,IRF2
RELA,IRF8
RELA,IRF9
RELA,JUN
RELA,MYC
RELA,NFKB1
RELA,NFKB2
RELA,NR3C1
RELA,POU2F1
RELA,PPARA
RELA,PPARG
RELA,REL
RELA,RXRA
RELA,SIRT6
RELA,SMAD3
RELA,SMAD4
RELA,SP1
RELA,SP3
RELA,STAT3
RELA,TBP
RELA,TCF4
RELA,TEAD4
RELA,TP53
RELA,TP63
RELA,TWIST1
RELA,USF2
RELA,ZBTB33
RELA,ZBTB7A
RELA,ZBTB7B
RELA,ELF3
RELA,FOXP3
RELA,GFI1
RELA,GLIS1
RELA,ISL1
RELA,KLF4
RELA,LMO2
RELA,MAFK
RELA,MEOX2
RELA,NFIC
RELA,NKX2-1
RELA,PGR
RELA,POU6F2
RELA,PPARD
RELA,SRF
RELA,STAT1
RELA,TFAP2A
RELA,VDR
SMC3,ARHGEF12
SMC3,ARID5B
SMC3,MGA
SMC3,MXD1
SMC3,MXD4
SMC3,MXI1
SMC3,RAD21
SMC3,RORA
SMC3,AIRE
SMC3,BACH1
SMC3,BRCA1
SMC3,CDC5L
SMC3,ESR2
SMC3,FOXB1
SMC3,FOXG1
SMC3,FOXJ2
SMC3,FOXL1
SMC3,FOXP3
SMC3,HDAC2
SMC3,MYC
SMC3,NANOG
SMC3,NFATC1
SMC3,NR2C2
SMC3,POU5F1
SMC3,SIRT6
SMC3,SOX2
SMC3,TEAD2
SMC3,TRIM28
SMC3,YY1
SMC3,ZBTB7A
TBP,E2F1
TBP,FOS
TBP,FOXF2
TBP,HMBOX1
TBP,JUN
TBP,KLF5
TBP,MEF2A
TBP,MSX1
TBP,NFYB
TBP,NR3C1
TBP,PAX3
TBP,PAX6
TBP,POU2F1
TBP,POU2F2
TBP,REL
TBP,RXRA
TBP,SP1
TBP,SPI1
TBP,TP53
TBP,AHR
TBP,AR
TBP,ATF4
TBP,CBX5
TBP,CREM
TBP,CTCFL
TBP,ELF3
TBP,ETS1
TBP,FOXJ2
TBP,FOXK2
TBP,FOXN1
TBP,FOXP1
TBP,HNF4A
TBP,HSF1
TBP,IKZF1
TBP,MAX
TBP,MYC
TBP,PAX5
TBP,POU3F2
TBP,RBPJ
TBP,REST
TBP,SIN3A
TBP,SPIB
TBP,TCF12
TBP,TCF7L2
AIRE,HDAC2
AIRE,RAD21
AIRE,TRIM28
BACH1,ATF7
BACH1,FOXK1
BACH1,HLTF
BACH1,MAFF
BACH1,MAFG
BACH1,MAFK
BACH1,NANOG
BACH1,NFE2L2
BACH1,PATZ1
BACH1,POU5F1
BACH1,SIN3A
BACH1,SMAD2
BACH1,SOX2
BACH1,TCF4
BACH1,TP53
BACH1,ATF2
BACH1,BATF3
BACH1,CREB5
BACH1,DDIT3
BACH1,MAFB
BACH1,MLX
BACH1,SMAD3
BRCA1,AHR
BRCA1,AR
BRCA1,ARNT
BRCA1,ATF1
BRCA1,BCL2
BRCA1,BPTF
BRCA1,CBX5
BRCA1,CDC5L
BRCA1,CEBPB
BRCA1,CENPB
BRCA1,CREB1
BRCA1,CREB5
BRCA1,CTCFL
BRCA1,E2F1
BRCA1,E2F4
BRCA1,EGR1
BRCA1,ELK4
BRCA1,ETS1
BRCA1,ETV5
BRCA1,ETV6
BRCA1,FLI1
BRCA1,FOSL2
BRCA1,GATA3
BRCA1,HDAC2
BRCA1,HIF1A
BRCA1,HMBOX1
BRCA1,JUN
BRCA1,JUNB
BRCA1,MYC
BRCA1,NFE2L2
BRCA1,NFIC
BRCA1,NFYA
BRCA1,PAX2
BRCA1,PGR
BRCA1,POU2F1
BRCA1,RAD21
BRCA1,RUNX1
BRCA1,SMAD3
BRCA1,SOX30
BRCA1,SP1
BRCA1,STAT1
BRCA1,STAT5A
BRCA1,TFAP2A
BRCA1,TFAP2C
BRCA1,TP53
BRCA1,TP63
BRCA1,TP73
BRCA1,TRIM28
BRCA1,USF2
BRCA1,ZBTB14
BRCA1,ESR2
BRCA1,FOXO3
BRCA1,GFI1B
BRCA1,HLTF
BRCA1,JUND
BRCA1,MYCN
BRCA1,TFAP4
BRCA1,VDR
BRCA1,ZNF423
CREB1,ARNT
CREB1,ATF1
CREB1,ATF6
CREB1,CCDC6
CREB1,CEBPB
CREB1,CREM
CREB1,HDAC2
CREB1,HMGA1
CREB1,HOXD13
CREB1,JUN
CREB1,JUND
CREB1,NFATC2
CREB1,NFIA
CREB1,NFIC
CREB1,NFIL3
CREB1,NFIX
CREB1,NFYA
CREB1,NFYB
CREB1,NR3C1
CREB1,NR5A2
CREB1,PBX2
CREB1,POU2F1
CREB1,RFX3
CREB1,RFX5
CREB1,SREBF2
CREB1,STAT3
CREB1,TOX4
CREB1,TP53
CREB1,ZNF35
CREB1,ATF2
CREB1,ATF7
CREB1,ESR2
CREB1,FOXA1
CREB1,FOXC1
CREB1,FOXC2
CREB1,GLI2
CREB1,HIF1A
CREB1,HNF1B
CREB1,MEIS1
CREB1,MYOD1
CREB1,NFATC1
CREB1,THRA
CREB1,YY1
ERG,AR
ERG,CDC5L
ERG,JUN
ERG,ETS2
LMO2,ARID5A
LMO2,ARNT2
LMO2,GATA1
LMO2,GATA2
LMO2,IKZF1
LMO2,IKZF3
LMO2,ISL1
LMO2,ISL2
LMO2,PAX9
LMO2,REL
LMO2,SOX5
LMO2,STAT1
LMO2,STAT3
LMO2,TAL1
LMO2,CDC5L
LMO2,CDX4
LMO2,DDIT3
LMO2,DMRT3
LMO2,GATA3
LMO2,GMEB2
LMO2,LYL1
LMO2,NHLH1
LMO2,PATZ1
LMO2,PBX4
LMO2,SMAD2
LMO2,SP1
LMO2,TAL2
LMO2,TBX2
LMO2,ZNF410
MYC,ARID3B
MYC,ARNT
MYC,ATF3
MYC,BBX
MYC,CDC5L
MYC,CEBPA
MYC,CEBPB
MYC,CHD2
MYC,E2F6
MYC,ELF1
MYC,ELF2
MYC,ETV3
MYC,FOSL1
MYC,FOXK2
MYC,FOXM1
MYC,FOXO3
MYC,FOXP1
MYC,GABPA
MYC,GLI1
MYC,HBP1
MYC,HDAC2
MYC,HIF1A
MYC,HLTF
MYC,HMGA1
MYC,LIN54
MYC,MAX
MYC,MGA
MYC,MNT
MYC,MYBL2
MYC,MYCN
MYC,NFE2L1
MYC,NFE2L2
MYC,NFKB2
MYC,NR1H3
MYC,NR2C1
MYC,POU5F1
MYC,RAD21
MYC,RBPJ
MYC,RUNX1
MYC,SIN3A
MYC,SMAD2
MYC,SMAD3
MYC,SP1
MYC,STAT1
MYC,STAT3
MYC,TCF12
MYC,TEAD2
MYC,TFAP2A
MYC,TFAP2C
MYC,TOX4
MYC,TP53
MYC,TP73
MYC,TRIM28
MYC,VDR
MYC,ZNF281
MYC,BCL2
MYC,ELF3
MYC,FOXO6
MYC,GLIS1
MYC,GLIS2
MYC,JUN
MYC,NFIC
MYC,NFYB
MYC,PTEN
MYC,SOX3
MYC,SOX4
MYC,TCF4
MYC,WT1
MYC,YY1
NFKB1,CDX2
NFKB1,ELF3
NFKB1,HDAC2
NFKB1,IRF2
NFKB1,IRF8
NFKB1,IRF9
NFKB1,KLF5
NFKB1,LYL1
NFKB1,NFKB2
NFKB1,NR4A1
NFKB1,PPARG
NFKB1,REL
NFKB1,RXRA
NFKB1,SP1
NFKB1,STAT3
NFKB1,STAT5A
NFKB1,TEAD4
NFKB1,YY1
NFKB1,CEBPB
NFKB1,E2F1
NFKB1,ELF1
NFKB1,ETS1
NFKB1,HMGA1
NFKB1,NR3C1
NFKB1,SMAD4
NFKB1,SRF
NFKB1,STAT6
NFKB1,TFAP2A
NFKB1,TP63
NFKB1,VDR
PTEN,AR
PTEN,BBX
PTEN,ETS1
PTEN,FOXK1
PTEN,HES5
PTEN,MXD1
PTEN,PBX3
PTEN,RAD21
PTEN,SIN3A
PTEN,TP53
PTEN,TRIM28
PTEN,TWIST1
PTEN,EGR1
RXRA,ARID5A
RXRA,ARNTL
RXRA,BHLHE40
RXRA,BHLHE41
RXRA,CLOCK
RXRA,KLF5
RXRA,MYOD1
RXRA,NPAS2
RXRA,NR1H2
RXRA,NR1H3
RXRA,NR1H4
RXRA,NR1I2
RXRA,NR2F6
RXRA,NR4A1
RXRA,PPARA
RXRA,PPARG
RXRA,RARA
RXRA,RARB
RXRA,SIN3A
RXRA,SP1
RXRA,SRF
RXRA,STAT1
RXRA,THRB
RXRA,VDR
RXRA,ZBTB16
RXRA,ESRRA
RXRA,NR2E3
RXRA,NR3C2
RXRA,NR4A2
RXRA,POU2F1
RXRA,POU2F2
RXRA,PPARD
RXRA,RARG
RXRA,RXRG
RXRA,SMAD2
RXRA,THRA
SREBF1,AR
SREBF1,HNF4A
SREBF1,ID2
SREBF1,NEUROD1
SREBF1,PRDM4
SREBF1,SP1
SREBF1,SREBF2
SREBF1,TCF7L1
SREBF1,TWIST2
SREBF1,ZBTB7A
SREBF1,KLF13
SREBF1,KLF5
SREBF1,NR5A2
SREBF1,USF1
SREBF1,YY1
SREBF1,ZBTB7C
TP53,ARNT
TP53,ATF3
TP53,BCL2
TP53,BCL6
TP53,E2F1
TP53,E4F1
TP53,EGR1
TP53,ETS1
TP53,ETS2
TP53,ETV1
TP53,FOXO3
TP53,GATA2
TP53,GLIS1
TP53,HDAC2
TP53,HIF1A
TP53,HMGA1
TP53,HMX1
TP53,HOXA9
TP53,IRF7
TP53,IRX1
TP53,KLF5
TP53,LIN54
TP53,MAFK
TP53,NEUROG2
TP53,NFYA
TP53,NFYB
TP53,NR3C1
TP53,NR3C2
TP53,NR4A1
TP53,OLIG2
TP53,PATZ1
TP53,PLAGL1
TP53,RBPJ
TP53,RUNX2
TP53,RUNX3
TP53,SIN3A
TP53,SMAD2
TP53,SMAD3
TP53,SOX4
TP53,SP1
TP53,STAT6
TP53,TCF4
TP53,TEAD2
TP53,TFAP2A
TP53,TFAP2B
TP53,TFAP2C
TP53,TGIF2
TP53,THAP1
TP53,THRB
TP53,TOPORS
TP53,TP63
TP53,TP73
TP53,TRIM28
TP53,TWIST1
TP53,VDR
TP53,WT1
TP53,YY1
TP53,YY2
TP53,ZBTB16
TP53,ZBTB33
TP53,ZBTB49
TP53,ZIC3
TP53,AR
TP53,ARID3A
TP53,BHLHE40
TP53,E2F4
TP53,FOXA3
TP53,FOXB1
TP53,FOXC1
TP53,FOXG1
TP53,FOXJ3
TP53,FOXK1
TP53,FOXK2
TP53,FOXN1
TP53,FOXP1
TP53,FOXQ1
TP53,FOXS1
TP53,GLI1
TP53,HEY1
TP53,HINFP
TP53,HNF4A
TP53,HSF1
TP53,JDP2
TP53,KLF4
TP53,KLF9
TP53,MECOM
TP53,NFATC1
TP53,NR1I2
TP53,PPARG
TP53,REL
TP53,RORC
TP53,SNAI2
TP53,SP100
TP53,SP3
TP53,TFAP4
TP53,TFCP2
TP53,ZBTB7A
TRIM28,CBX5
TRIM28,CEBPB
TRIM28,E2F1
TRIM28,E2F4
TRIM28,IRF1
TRIM28,IRF7
TRIM28,MYB
TRIM28,NFE2L2
TRIM28,NR2C1
TRIM28,NR2C2
TRIM28,NR3C1
TRIM28,NR4A1
TRIM28,NR4A3
TRIM28,PAX3
TRIM28,POU5F1
TRIM28,SETDB1
TRIM28,SIN3A
TRIM28,SMAD2
TRIM28,STAT1
TRIM28,STAT3
TRIM28,STAT4
TRIM28,STAT6
TRIM28,TP73
TRIM28,ZNF8
TRIM28,ARNT
TRIM28,CCDC6
TRIM28,HIF1A
TRIM28,NKX2-1
TRIM28,PPARG
TRIM28,REST
TRIM28,SIRT6
TRIM28,TFE3
TRIM28,TOPORS
TRIM28,TWIST1
TRIM28,ZNF354C
VDR,CEBPA
VDR,FOS
VDR,FOXO3
VDR,FOXO4
VDR,HMGN3
VDR,HNF4A
VDR,JUN
VDR,MEOX2
VDR,NFKB2
VDR,NR1H2
VDR,NR2E3
VDR,RUNX1
VDR,RXRB
VDR,RXRG
VDR,SMAD3
VDR,STAT1
VDR,ZBTB16
VDR,MXD1
VDR,POU1F1
VDR,POU2F1
VDR,PPARG
VDR,RUNX3
ESR2,ARHGEF12
ESR2,ARID3A
ESR2,ARID5A
ESR2,ARID5B
ESR2,ARNT
ESR2,BBX
ESR2,BPTF
ESR2,CCNT2
ESR2,CHD2
ESR2,CREB3L4
ESR2,CREB5
ESR2,CUX1
ESR2,ELF2
ESR2,ESRRB
ESR2,ETV6
ESR2,FOXJ2
ESR2,FOXJ3
ESR2,FOXK1
ESR2,FOXO3
ESR2,FOXP1
ESR2,FOXP4
ESR2,GABPA
ESR2,GRHL2
ESR2,GZF1
ESR2,HDAC2
ESR2,HLTF
ESR2,KLF5
ESR2,LMX1B
ESR2,MEOX2
ESR2,MGA
ESR2,MLXIPL
ESR2,MTF1
ESR2,NFATC3
ESR2,NFIB
ESR2,NFIC
ESR2,NFIX
ESR2,NFKB2
ESR2,NKX2-3
ESR2,NR2F2
ESR2,NR2F6
ESR2,PATZ1
ESR2,PBX1
ESR2,PKNOX1
ESR2,RAD21
ESR2,RBPJ
ESR2,RFX1
ESR2,SIN3A
ESR2,SIX4
ESR2,SOX13
ESR2,SP1
ESR2,SP100
ESR2,SP3
ESR2,SPDEF
ESR2,STAT1
ESR2,STAT2
ESR2,STAT3
ESR2,TFAP2B
ESR2,TGIF1
ESR2,USF1
ESR2,USF2
ESR2,ZBTB7A
ESR2,ZBTB7B
ESR2,ZNF281
ESR2,ZNF652
ESR2,ZNF740
ESR2,HOXA1
ESR2,MYOD1
ESR2,STAT5A
HIF1A,AHR
HIF1A,AR
HIF1A,ARNT
HIF1A,ARNTL
HIF1A,BCL2
HIF1A,CEBPA
HIF1A,CREB3L1
HIF1A,ESRRA
HIF1A,ESRRB
HIF1A,ESRRG
HIF1A,ETV4
HIF1A,FOS
HIF1A,FOXM1
HIF1A,GATA3
HIF1A,HNF4A
HIF1A,JUN
HIF1A,KLF6
HIF1A,MAFG
HIF1A,MAFK
HIF1A,NR4A1
HIF1A,RUNX1
HIF1A,RUNX2
HIF1A,RUNX3
HIF1A,SIN3A
HIF1A,SMAD3
HIF1A,SP1
HIF1A,STAT3
HIF1A,TEAD2
HIF1A,TWIST1
HIF1A,ARNT2
HIF1A,BHLHE41
HIF1A,E2F7
HIF1A,EPAS1
HIF1A,GLIS2
HIF1A,HDAC2
HIF1A,HMGA1
HIF1A,MAX
HIF1A,RORA
HIF1A,TP63
HIF1A,TP73
IRF7,MAFB
IRF7,SMAD2
IRF7,SMAD3
IRF7,SMAD4
NR2C2,AR
NR2C2,ATF1
NR2C2,CBX5
NR2C2,CDC5L
NR2C2,CHD2
NR2C2,GABPA
NR2C2,GATA2
NR2C2,GFI1B
NR2C2,GMEB2
NR2C2,HDAC2
NR2C2,HLTF
NR2C2,HNF4A
NR2C2,IKZF1
NR2C2,LIN54
NR2C2,NR2C1
NR2C2,PATZ1
NR2C2,RAD21
NR2C2,RREB1
NR2C2,RXRB
NR2C2,SP2
NR2C2,STAT1
NR2C2,STAT3
NR2C2,STAT5A
NR2C2,THAP11
NR2C2,TOX4
NR2C2,WT1
NR2C2,YY1
NR2C2,CEBPB
NR2C2,FOXL1
NR2C2,SOX2
MYOG,BHLHA15
MYOG,FIGLA
MYOG,HNF1A
MYOG,ID1
MYOG,ID4
MYOG,MEF2A
MYOG,SP1
MYOG,TCF12
MYOG,TCF3
MYOG,TCF4
MYOG,MEF2C
MYOG,SRF
ATF4,ATF2
ATF4,ATF3
ATF4,BATF
ATF4,BATF3
ATF4,CEBPA
ATF4,CEBPB
ATF4,CEBPE
ATF4,CEBPG
ATF4,DDIT3
ATF4,FOS
ATF4,FOSL1
ATF4,JDP2
ATF4,JUN
ATF4,JUNB
ATF4,MAF
ATF4,NFE2L2
ATF4,CREB3
ATF4,MAFB
ATF4,NFE2
SOX2,ALX4
SOX2,ARID3A
SOX2,ARID3B
SOX2,ARID5B
SOX2,BPTF
SOX2,CDX1
SOX2,CEBPB
SOX2,CLOCK
SOX2,CUX1
SOX2,ELF2
SOX2,ETV3
SOX2,ETV6
SOX2,FOXC1
SOX2,FOXK1
SOX2,FOXK2
SOX2,FOXP4
SOX2,GATA4
SOX2,GLI3
SOX2,GLIS3
SOX2,HDAC2
SOX2,HOXA5
SOX2,JUN
SOX2,JUND
SOX2,LIN54
SOX2,MECOM
SOX2,MEIS2
SOX2,NFIA
SOX2,NFIB
SOX2,NFIC
SOX2,NR2C1
SOX2,PATZ1
SOX2,PAX6
SOX2,PBX2
SOX2,POU2F1
SOX2,POU5F1
SOX2,RFX1
SOX2,RFX3
SOX2,RUNX1
SOX2,SIN3A
SOX2,SIX4
SOX2,SOX1
SOX2,SOX14
SOX2,SOX21
SOX2,SOX3
SOX2,SOX5
SOX2,SOX6
SOX2,SOX8
SOX2,SP2
SOX2,TBX2
SOX2,TBX3
SOX2,TCF12
SOX2,TCF3
SOX2,TCF7L2
SOX2,TEAD1
SOX2,TFAP2A
SOX2,TFAP4
SOX2,TP63
SOX2,TP73
SOX2,TWIST1
SOX2,ZBTB7A
SOX2,ZEB1
SOX2,ZNF281
SOX2,CBX5
SOX2,NANOG
SOX2,PITX1
TP63,ARHGEF12
TP63,ATF3
TP63,CEBPB
TP63,ETV4
TP63,FOXK1
TP63,FOXK2
TP63,HDAC2
TP63,HSF4
TP63,IRX3
TP63,KLF5
TP63,KLF8
TP63,MNT
TP63,NFIL3
TP63,NFYA
TP63,SETDB1
TP63,SIX4
TP63,SMAD4
TP63,SPDEF
TP63,TBX20
TP63,TEAD1
TP63,TP73
TP63,EMX1
TP63,PITX1
TP63,TCF4
EMX1,ALX4
EMX1,HOXA10
EMX1,PRDM4
EMX1,ELK1
HOXC9,HOXC13
HOXC9,HOXD1
HOXC9,HOXD9
HOXC9,IRF9
HOXC9,PBX2
HOXC9,POU2F1
HOXC9,MSX2
HOXC9,PAX6
HOXC9,PAX8
FOS,ATF2
FOS,ATF3
FOS,ATF7
FOS,CEBPA
FOS,CREB5
FOS,DDIT3
FOS,FOSB
FOS,HOXD13
FOS,JUN
FOS,JUNB
FOS,JUND
FOS,MAF
FOS,MAFB
FOS,NFAT5
FOS,NFATC1
FOS,NFIX
FOS,NR2F1
FOS,NR2F6
FOS,SMAD3
FOS,USF1
FOS,USF2
FOS,CEBPE
FOS,CEBPG
FOS,ETS2
FOS,HNF1A
FOS,MAFF
FOS,MAZ
FOS,MITF
FOS,NFATC2
FOS,RUNX1
FOS,RUNX2
FOS,SPI1
FOS,STAT1
FOS,XBP1
REST,HDAC2
REST,HMGA1
REST,NR1D2
REST,SIN3A
REST,SP1
REST,FOXK2
HOXC5,PBX1
HOXC5,PBX2
HOXC5,LHX3
HOXC5,LHX4
HOXC5,PBX4
HOXC5,POU6F2
HOXC5,ZBTB16
FOSL2,ATF2
FOSL2,ATF7
FOSL2,BACH2
FOSL2,CREB5
FOSL2,DDIT3
FOSL2,JUN
FOSL2,JUNB
FOSL2,JUND
FOSL2,LHX8
FOSL2,MEOX2
FOSL2,USF2
FOSL2,ATF1
FOSL2,EGR1
MYOD1,BHLHE40
MYOD1,BHLHE41
MYOD1,FIGLA
MYOD1,ID1
MYOD1,ID2
MYOD1,MEF2C
MYOD1,NR2F2
MYOD1,PAX7
MYOD1,PBX1
MYOD1,RORA
MYOD1,RUNX1
MYOD1,STAT3
MYOD1,TCF3
MYOD1,TWIST1
MYOD1,HEY1
MYOD1,JUN
MYOD1,SMAD4
MYOD1,SP1
MYOD1,TCF21
MYOD1,TCF4
SMAD3,AR
SMAD3,ATF2
SMAD3,ATF3
SMAD3,BPTF
SMAD3,CEBPA
SMAD3,CEBPB
SMAD3,CEBPD
SMAD3,CRX
SMAD3,E2F4
SMAD3,EPAS1
SMAD3,FOXH1
SMAD3,FOXM1
SMAD3,FOXO1
SMAD3,FOXO3
SMAD3,FOXO4
SMAD3,GMEB1
SMAD3,GSC
SMAD3,HEY1
SMAD3,HEYL
SMAD3,HNF4A
SMAD3,JUN
SMAD3,JUNB
SMAD3,JUND
SMAD3,LEF1
SMAD3,MAFK
SMAD3,MAX
SMAD3,MECOM
SMAD3,MEOX2
SMAD3,NFIA
SMAD3,NR3C1
SMAD3,PAX6
SMAD3,PITX1
SMAD3,PITX2
SMAD3,PLAG1
SMAD3,PLAGL1
SMAD3,PRDM4
SMAD3,RUNX1
SMAD3,RUNX2
SMAD3,RUNX3
SMAD3,SIN3A
SMAD3,SMAD2
SMAD3,SMAD4
SMAD3,SOX9
SMAD3,SP1
SMAD3,SREBF2
SMAD3,SRY
SMAD3,TBX3
SMAD3,TFE3
SMAD3,TGIF1
SMAD3,TLR4
SMAD3,YY1
SMAD3,ZBTB16
SMAD3,ZBTB3
SMAD3,ETS1
SMAD3,FLI1
SMAD3,FOXL2
SMAD3,HOXC11
SMAD3,ISL1
SMAD3,KLF5
SMAD3,NFIC
SMAD3,NR4A1
SMAD3,PPARG
SMAD3,PROX1
SMAD3,TCF12
SMAD3,TGIF2
SMAD3,ZEB1
ZNF410,HOXB2
ZNF410,MEOX1
ZNF410,MEOX2
ZNF410,PAX6
ZNF410,POU6F2
REL,AR
REL,BARHL2
REL,DMRT3
REL,ESRRA
REL,ESRRG
REL,NFKB2
REL,ARNT2
REL,BCL6
REL,ELF1
REL,FOXO4
REL,FOXP3
REL,SIX1
REL,SP1
REL,SRF
REL,ZBTB16
REL,ZIC1
THAP1,CDC5L
THAP1,CHD2
THAP1,KLF12
THAP1,POU6F2
THAP1,WT1
CEBPB,AR
CEBPB,ATF3
CEBPB,ATF7
CEBPB,CEBPA
CEBPB,CEBPD
CEBPB,CEBPG
CEBPB,DDIT3
CEBPB,EGR1
CEBPB,ESRRA
CEBPB,HLTF
CEBPB,HMGA1
CEBPB,JUNB
CEBPB,KLF5
CEBPB,MEIS1
CEBPB,NFIC
CEBPB,NR2F2
CEBPB,NR3C1
CEBPB,NRF1
CEBPB,RAD21
CEBPB,RARB
CEBPB,RFX1
CEBPB,RUNX1
CEBPB,RXRB
CEBPB,SP1
CEBPB,SP3
CEBPB,SPI1
CEBPB,STAT3
CEBPB,TFAP4
CEBPB,TFCP2
CEBPB,USF1
CEBPB,ZBTB7A
CEBPB,ATF2
CEBPB,BHLHE41
CEBPB,FOXO1
CEBPB,HSF1
CEBPB,JUN
CEBPB,MYB
CEBPB,NKX2-1
CEBPB,PPARG
CEBPB,RORA
CEBPB,SMAD4
CEBPB,SRF
